{"cameraMode":{"drawMode":0,"name":"Shaded","section":"Shading Mode"},"sceneLighting":true,"audioPlay":false,"sceneViewState":{"m_AlwaysRefresh":false,"showFog":true,"showSkybox":true,"showFlares":true,"showImageEffects":true,"showParticleSystems":true,"showVisualEffectGraphs":true,"m_FxEnabled":true},"in2DMode":false,"pivot":{"x":13.263254165649414,"y":10.886871337890625,"z":-1.6072921752929688},"rotation":{"x":-0.01486606989055872,"y":0.8384990096092224,"z":-0.022904833778738977,"w":-0.5442183613777161},"size":11.024591445922852,"orthographic":false}